Date,ISOWeek,DOI,Version,Category,Title,Authors
2026-03-21,12,10.1101/2025.11.07.687167,2,neuroscience,Computational mechanisms for temporal integration in the anterior claustrum,"Sohn, K.; Yoon, D.; Lee, J.; Choi, S."
2026-03-21,12,10.64898/2026.01.28.702328,3,neuroscience,Dendritic delay lines shape the computation of sound location in neurons of the gerbil medial superior olive,"Casarez, J.; Voglewede, R.; Winters, B. D.; Ledford, K.; Golding, N."
2026-03-21,12,10.64898/2026.02.18.706661,2,bioengineering,Self-amplifying RNA-based CAR T cell therapy with enhanced duration and multi-genic logic functions,"Gu, Y.; Choi, J.; Mutha, D.; Wu, C.; Ganem, N. J.; Grinstaff, M.; Wong, W."
2026-03-21,12,10.64898/2026.03.09.710612,2,evolutionary biology,Evolution as Active Geometry: The Geometric State Equation of the Tree of Life,"Fenn, R.; Fenn, A."
2026-03-21,12,10.64898/2026.03.18.712441,2,genetics,The enhanced multi-tissue atlas of regulatory effects in cattle,"Li, H.; Zhang, H.; Zhu, D.; Zhao, P.; Wei, Z.; Lu, J.; Gong, M.; Zhang, Q.; Zheng, W.; Liu, X.; GUAN, D.; Teng, J.; Lin, Q.; Tang, Y.; Gao, Y.; Zhao, S.; Zhang, Z.; Du, J.; Fang, C.; An, B.; Lin, B.; Zhang, H.; Tian, M.; Tian, J.; Chen, S.; Liu, W.; Wang, Y.; Wang, M.-S.; Ibeagha-Awemu, E. M.; Crooijmans, R.; Derks, M.; Godia, M.; Madsen, O.; Pausch, H.; Leonard, A. S.; Frantz, L.; MacHugh, D. E.; Grady, J. F. O.; Ionita-Laza, I.; Zhao, X.; Guan, L.; Zhou, H.; Marmol-Sanchez, E.; van der Wijst, M.; Lu, X.; Jiang, H.; Yang, Z.; Yang, Q.; Liu, Q.; Xu, C.; Li, M.; Hou, Y.; Pan, Z.; Chen, Y.; Xian"
2026-03-21,12,10.64898/2026.03.20.713283,1,microbiology,"Dispersal, adaptation and persistence of H5N1 in the sub-Antarctic and Antarctica","Clessin, A.; Brusselmans, M.; Hong, S. L.; Tornos, J.; Lejeune, M.; Shao, Y.; Briand, F.-X.; Abolnik, C.; Kaza, B.; Suchard, M. A.; Aguado, B.; Alcami, A.; Barbraud, C.; Beer, M.; Bennison, A.; Bonadonna, F.; Bonnet, T.; Bost, C.-A.; Boucheron, S.; Bralet, T.; Catry, P.; Cleeland, J.; Connan, M.; Coombes, H. A.; Delord, K. C.; de Pasquale, C.; Dewar, M. L.; Dong, X. C.; Emerit, J.; Fischer, R.; Fountain-Jones, N.; Galimberti, F.; Gonzalez-Solis, J.; Guinet, C.; Gunn, C.; Gunther, A.; Iervolino, M.; James, J.; Ji, X.; Jonsen, I.; Jones, C.; Kuepfer, A.; Kuiken, T.; Lebohec, C.; Lisovski, S.; Zu"
2026-03-21,12,10.64898/2026.03.20.713152,1,microbiology,ApeA cleaves genomic RNA to defend against RNA phage infection,"Drobysheva, A.; Velasco Gomariz, M.; Ahmad, S.; Reichardt, S.; Hör, J."
2026-03-21,12,10.64898/2026.03.20.713012,1,microbiology,Three immunoregulatory signatures define non-productive HIV infection in CD4+ T memory stem cells,"Butta, G. M.; Alburquerque, B.; Kearns, C.; Hadas, Y.; VanDyck, M. W.; Scaglioni, S.; Pena, N.; Wong, H. T.; Levendosky, E.; Gleason, C.; Lin, X.; Manganaro, L.; Pinto, D.; Mulder, L. C. F.; Simon, V."
2026-03-21,12,10.64898/2026.03.19.712885,1,systems biology,FASTERCC: Accelerating Flux Consistency Testing and Context-Specific Reconstruction for Large-Scale Metabolic Network Models,"Pacheco, M.; Gonzalez, E.; Sauter, T."
2026-03-21,12,10.64898/2026.03.20.713289,1,neuroscience,Acceleration and Velocity Dissociate Temporal Phases of Postural Control in Rhesus Macaques,"Leavitt Brown, O. M. E.; Ramadan, B. A.; Cullen, K. E."
2026-03-21,12,10.64898/2026.03.19.712881,1,genomics,"A near chromosome-scale genome assembly of the Common pine sawfly (Diprion pini, Linnaeus, 1758)","Wutke, S.; Michell, C.; Lindstedt, C."
2026-03-21,12,10.64898/2026.03.19.712851,1,genomics,Single-Platform Nanopore Sequencing Enables Diploid Telomere-to-Telomere Genome Assembly and Haplotype-Resolved 3D Chromatin Maps,"Gross, C.; Potabattula, R.; Cheng, F.; Leuchtenberg, S.; Hartung, H. S.; Kristmann, B.; Buena Atienza, E.; Casadei, N.; Ossowski, S.; Riess, O. H."
2026-03-21,12,10.64898/2026.03.19.712876,1,bioengineering,In Search for Biomarkers Reflecting Neural Implant-Induced Tissue Response Dynamics,"Sharbatian, A.; Joseph, K.; Hofmann, U. G.; Coenen, V. A.; Stieglitz, T.; Ashouri, D."
2026-03-21,12,10.64898/2026.03.19.712027,1,bioinformatics,miRBind2 enables sequence-only prediction of miRNA binding and transcript repression,"Cechak, D.; Tzimotoudis, D.; Sammut, S.; Gresova, K.; Marsalkova, E.; Farrugia, D.; Alexiou, P."
2026-03-21,12,10.64898/2026.03.20.713105,1,molecular biology,ATM safeguards DNA replication at endogenous base lesions,"Sommerova, L.; King, A.; Chapman, J. R."
2026-03-21,12,10.64898/2026.03.20.713095,1,molecular biology,Nuclear speckle protein SON safeguards efficient splicing of GC-rich genes,"Yin, Y.; Fan, W.; Zhou, Y.; Zhang, X.; Tong, C.; Li, X."
2026-03-21,12,10.64898/2026.03.19.712969,1,cell biology,Translational lipidomics reveals BMP and its precursor LPG as biomarkers for CLN5 Batten disease,"Rawat, E. S.; Manfred, N.; Alsohybe, H. N.; Dong, W.; Pena, I. V.; Idris, M.; Posern, C.; Westermann, L. M.; Murray, S. J.; Panneman, D. M.; Della Vecchia, S.; Doccini, S.; Marchese, M.; Santorelli, F. M.; van Hasselt, P. M.; Mitchell, N.; Schulz, A.; Abu-Remaileh, M."
2026-03-21,12,10.64898/2026.03.19.712902,1,cell biology,A NAPE-LRRK2 metabolic axis controls lysosomal homeostasis in Parkinson's disease,"Palese, F.; Giachino, C.; Syan, S.; Ottonello, G.; Sciandrone, G.; Filipponi, C.; Lai, M.; Armirotti, A.; Deleidi, M.; Zurzolo, C."
2026-03-21,12,10.64898/2026.03.19.712964,1,genomics,BAF complexes maintain accessibility at stimulus-responsive chromatin and are required for transcriptional stimulus responses,"Gulka, A. O. D.; Kang, K. A.; Zhou, Z.; Gorkin, D. U."
2026-03-21,12,10.64898/2026.03.19.712978,1,biochemistry,Affinity purification contaminants identified by cryo-EM and mass spectrometry,"Belcher, E. R.; Hardwick, S. W.; Maia de Oliveira, T.; Hyvonen, M."
2026-03-21,12,10.64898/2026.03.19.712212,1,cancer biology,Focal adhesion kinase promotes metastasis in BRAF-mutant melanoma,"Stanley, K. A.; Field, M. N.; Pavek, A. M.; Pettey, S. N.; Medellin, A. P.; Parkman, G. L.; Randhahn, M.; Turapov, T.; Kircher, D. A.; Izar, B.; Young, A.; VanBrocklin, M. W.; Holmen, S. L."
2026-03-21,12,10.64898/2026.03.20.712678,1,cancer biology,TET2 loss promotes premalignant survival and clonal selection in MYC-driven B cell lymphoma,"Spoeck, S.; Kinz, N.; Rigato, I.; Hoppe, K.; Heppke, J.; Petermann, P. Y.; Weiss, J. G.; Erlacher, M.; Schubert, M.; Riley, J. S.; Villunger, A.; Finotello, F.; Labi, V."
2026-03-21,12,10.64898/2026.03.19.713016,1,biochemistry,A conserved isoleucine gates the diffusion of small ligands to the active site of NiFe CO-dehydrogenase,"Opdam, L.; Meneghello, M.; Guendon, C.; Chargelegue, J.; Fasano, A.; Jacq-Bailly, A.; Leger, C.; Fourmond, V."
2026-03-21,12,10.64898/2026.03.19.713017,1,biochemistry,Library docking for Cannabinoid-2 Receptor ligands,"Rachman, M. M.; Iliopoulos-Tsoutsouvas, C.; Dominic Sacco, M.; Xu, X.; Wu, C.-G.; Santos, E.; Glenn, I. S.; Paris, L.; Cahill, M. K.; Ganapathy, S.; Tummino, T. A.; Moroz, Y. S.; Radchenko, D. S.; Okorie, M.; Tawfik, V. L.; Irwin, J. J.; Makriyannis, A.; Skiniotis, G.; Shoichet, B. K."
2026-03-21,12,10.64898/2026.03.19.711868,1,biochemistry,In silico evaluation of the effects of temperature on the affinity of the SV2C ligand UCB-1A to SV2 isoforms,"Zou, R.; Nag, S.; Sousa, V.; Moren, A. F.; Toth, M.; Meynaq, Y. K.; Pedergnana, E.; Valade, A.; Mercier, J.; Vermeiren, C.; Motte, P.; Zhang, X.; Svenningsson, P.; Halldin, C.; Varrone, A.; Agren, H."
2026-03-21,12,10.64898/2026.03.20.712457,1,bioengineering,Structure-Activity Mapping of Intraperitoneal mRNA-LNPs: Decoupling Tumor and Liver Biodistribution in Pancreatic Cancer,"Islam, F.; Das, A.; Ashaduzzaman, M.; Ding, L.; Kumari, N.; Dai, R.; Oupicky, D."
2026-03-21,12,10.64898/2026.03.20.713087,1,bioinformatics,Long-read metagenomic sequencing reveals novel lineages and functional diversity in urban soil microbiome,"Duan, Y.; Cusco, A.; Zhang, Y.; Inda-Diaz, J. S.; Zhu, C.; Castro, A. A.; Yang, X.; Yu, J.; Jiang, G.; Zhao, X.-M.; Coelho, L. P."
2026-03-21,12,10.64898/2026.03.19.712841,1,plant biology,A hidden T-DNA-linked inversion-duplication causes a pronounced light-dependent phenotype in Arabidopsis,"Martinez, M. d. P.; de Oliveira, J. A. V. S.; Nica, I.; Ditz, N.; Zheng, K.; Wewer, V.; Metzger, S.; Westhoff, P.; Eubel, H.; Finkemeier, I.; Schwarzlander, M.; Pucker, B.; Maurino, V. G."
2026-03-21,12,10.64898/2026.03.20.713109,1,microbiology,Redox distribution of Asgard archaea and co-occurring taxa in microbial mats from an early Proterozoic ecosystem analog,"Gutierrez-Preciado, A.; Struillou, A.; Liang, L.; Iniesto, M.; Deschamps, P.; Eme, L.; Zivanovic, Y.; Lopez-Garcia, J. M.; Benzerara, K.; Moreira, D.; Lopez-Garcia, P."
2026-03-21,12,10.64898/2026.03.20.713024,1,microbiology,A novel peptide modulator of a two-component system revealed by the specific activation of a small RNA in Enterobacteriaceae,"Mathis de Fromont, J.; Brosse, A.; Quenette, F.; Guillier, M."
2026-03-21,12,10.64898/2026.03.19.712944,1,molecular biology,Advancing Nuclei Isolation from Frozen Human Heart for Single-Nucleus RNA Sequencing Applications,"Caliandro, R.; Belluomo, R.; Hanemaaijer-van der Veer, J.; Oostra, R.-J.; van den Hoff, M. J. B.; Boon, R. A.; Gladka, M. M."
2026-03-21,12,10.64898/2026.03.19.712899,1,cell biology,Nascent transcripts of LL2R tandem repeat nucleate locus-specific RNP condensates recruiting splicing factors,"Krasikova, A.; Zlotina, A.; Kulikova, T.; Schubert, V.; Fedorov, A."
2026-03-21,12,10.64898/2026.03.19.712707,1,evolutionary biology,Using a simplified Rough Mount Fuji model to disentangle how multi-peaked fitness landscapes can be highly navigable,"Hunter, K. E.; Martin, N. S."
2026-03-21,12,10.64898/2026.03.20.712421,1,genomics,Hidden Diversity in Yeast tRNAs: Comparative Genomics and Modification Mapping in a Eukaryotic Subphylum,"Dineen, L.; Wilson, D.; LaBella, A. L."
2026-03-21,12,10.64898/2026.03.20.713187,1,biochemistry,A bifunctional H/ACA snoRNP mediates both pseudouridylation and rRNA scaffolding during ribosome assembly,"Hafner, J.; Thoms, M.; Hamze, H.; Forstner, A.; Alidou-D'Anjou, I.; Hebbachi, H.; Kalinina, M.; Hausharter, A.; Favre, S.; Lebaron, S.; Ismail, S.; Denk, T.; Schlick, K.; Fröhlich, T.; Bhutada, P.; Farquar, E.; Schindlmaier, K.; Sormaz, S.; Hurt, E.; Kressler, D.; Henry, Y.; Woodson, S.; Dragon, F.; Beckmann, R.; Henras, A. K.; Pertschy, B."
2026-03-21,12,10.64898/2026.03.19.712938,1,biochemistry,Rational design of a protein-protein interaction inhibitor that activates Protein Tyrosine Phosphatase 1B.,"Londhe, A. D.; Rizzo, S.; Rizvi, S. M.; Bergeron, A.; Sagabala, R. S.; Banavali, N. K.; Thevenin, D.; Boivin, B."
2026-03-21,12,10.64898/2026.03.19.712379,1,bioengineering,"Bacterial Spores as a Scalable, Modular Platform forthe Production of Amyloids for Materials","Dietz, C.; Kvilten, M.; Sebastiano, S.; Formosa-Dague, C.; Unger, A.; Spiehl, D.; Blaeser, A.; Lindgren, M.; Philipp, M.; Kabisch, J."
2026-03-21,12,10.64898/2026.03.19.710883,1,biophysics,"One Chromatin, Many Structures: From Ensemble Contact Maps to Single-Cell 3D Organization","Carignano, M. A.; Kroeger, M.; Almassalha, L.; Backman, V.; Szleifer, I."
2026-03-21,12,10.64898/2026.03.20.713292,1,biophysics,From gHBfix to NBfix: Reweighting-Driven Refinement of Hydrogen-Bond Interactions in RNA Force Fields,"Mlynsky, V.; Kuehrova, P.; Bussi, G.; Otyepka, M.; Sponer, J.; Banas, P."
2026-03-21,12,10.64898/2026.03.19.712877,1,biophysics,Cell Cycle-Dependent Chromatin Motion: A Role for DNA Content Doubling Over Cohesion,"Rey-Millet, M.; Costes, L.; Le-Floch, E.; Ayoub, H.; Saccomani, Q.; Manghi, M.; Bystricky, K."
2026-03-21,12,10.64898/2026.03.19.712939,1,cancer biology,Oncodevelopmental plasticity of the skeleton in myeloid neoplasms,"Atakhanov, S.; Ghezzi, I.; Tejeda Mora, H.; Greven, L.; Rizk, M.; Schmidt, L.; Goetz, K.; Merg, L.; Solozobova, V.; Benabid, A.; Wanner, P.; Lutterbach, N.; Kargaliev, A. V.; Schaeferskuepper, M.; Florea, A.; Pearce, J. E.; Schmitz, S.; Schalla, C.; Wanek, P.; Craveiro, R. B.; Radermacher, C.; Stuedle, C.; Lehmann, T.; Weiler, M.; de Toledo, M. A. S.; Koschmieder, S.; Jansen, J.; Ayuk, F.; Kroeger, N.; Mottaghy, F. M.; Truhn, D.; Kiessling, F.; Gleitz, H. F. E.; Rao, T. N.; Wolf, M.; Schneider, C. V.; Kramann, R.; Bock, A.; Crysandt, M.; Milsom, M.; Schneider, R. K."
2026-03-21,12,10.64898/2026.03.19.712341,1,cancer biology,A treatment-resilient lipid metabolic program drives temozolomide resistance in glioblastoma,"Naghibzadeh, K.; Barzegar Behrooz, A.; Kavoosi, M.; Cordani, M.; Los, M. J.; Pecic, S.; Vitorino, R.; Vitorino, C.; Ravandi, A.; Shojaei, S.; Ghavami, S."
2026-03-21,12,10.64898/2026.03.19.712663,1,physiology,Low-latitude environmental regularity sustains non-photicentrainment in blind adults,"Pugliane, K. C.; Franca, L. G. S.; Leocadio-Miguel, M. A.; Araujo, J. F."
2026-03-21,12,10.64898/2026.03.19.712962,1,physiology,Adipose-driven complement-lipid reprogramming controls nociceptive vulnerability in obesity-associated osteoarthritis,"Welhaven, H. D.; Lesnak, J. B.; Lenz, K. L.; Andoko, B.; Oestreich, A. K.; Plumb, A. N.; Sadler, K. E.; Springer, L. E.; Brockert, J.; Dumlao, D.; Akk, A.; Wu, X.; Yan, H.; Zhang, B.; Messier, S. P.; Loeser, R.; June, R. K.; Atkinson, J.; Pham, C.; Price, T. J.; Guilak, F.; Collins, K. H."
2026-03-21,12,10.64898/2026.03.19.712810,1,plant biology,Drought induced metabolomics of potato leaves highlight metabolic reprogramming and promising biomarkers for smart irrigation advisories,"Singh, P. D.; Nayak, R.; Dittrich, Y.; Guzinski, R.; Pant, Y.; Masakapalli, S. K."
2026-03-21,12,10.64898/2026.03.19.712901,1,immunology,Osteopontin promotes lesion repair during Staphylococcus aureus skin infections,"Neville, E. E.; Shinohara, M. L.; Zhang, J. Y.; Rathore, A. P. S.; Abraham, S. N."
2026-03-21,12,10.64898/2026.03.20.713092,1,molecular biology,Pirfenidone improves adipose dysfunction and obesity-driven steatohepatitis via mTORC1 signaling,"Lee, Y. S.; Bang, J. Y.; Lee, D. H.; Kim, D. Y.; Cha, S. Y.; Lee, E. J.; Han, J.; Bae, S. H."
2026-03-21,12,10.64898/2026.03.20.713063,1,molecular biology,ProAR: Probabilistic Autoregressive Modeling for Molecular Dynamics,"Cheng, K.; Liu, Y.; Nie, Z.; Lin, M.; Hou, Y.; Tao, Y.; Liu, C.; Chen, J.; Mao, Y.; Tian, Y."
2026-03-21,12,10.64898/2026.03.19.709781,1,cell biology,miR-378a and NPNT coordinate autophagy regulation in podocytes through mTOR and MAPK signaling,"Sopel, N.; Wangerin, S.-M.; Hecker, M.; Ohs, A.; Mueller-Deile, J."
2026-03-21,12,10.64898/2026.03.20.712875,1,cell biology,Concomitant ablation of SOS1 and SOS2 triggers a lethal phenotype involving compromised intestinal integrity and widespread septicemia,"Olarte-San Juan, A.; Rodriguez-Ramos, P.; Diaz-Alguilera, A.; Calzada, N.; Gomez, C.; Fuentes-Mateos, R.; Fernandez-Medarde, A.; Nogueiras, R.; Diaz, D.; Santos, E.; Garcia-Navas, R."
2026-03-21,12,10.64898/2026.03.19.712918,1,evolutionary biology,Ancestral state reconstruction with discrete characters using deep learning,"Nagel, A. A.; Landis, M. J."
2026-03-21,12,10.64898/2026.03.19.712883,1,biochemistry,Enriched-GF: A Reproducible High-Yield Autologous Blood-Derived Growth Factor Method for Regenerative Medicine,"Bansal, H.; Singhal, M.; Bansal, A.; Khan, I.; Bansal, A.; Khan, S. H.; Leon, J.; al Maini, M.; Fernandez Vina, M.; Reyfman, L."
2026-03-21,12,10.64898/2026.03.19.712900,1,bioinformatics,Novel 4D tensor decomposition-based approach integrating tri-omics profiling data can identify functionally relevant gene clusters,"Taguchi, Y.-h.; Turki, T."
2026-03-21,12,10.64898/2026.03.19.712977,1,plant biology,Zinc and iron homeostatic interactions in a mutant lacking nicotianamine vacuolar storage and citrate xylem loading,"Fanara, S.; Scheepers, M.; Boulanger, M.; Schloesser, M.; Bosman, B.; Carnol, M.; Fratamico, A.; Sarthou, M.; Tocquin, P.; Hanikenne, M."
2026-03-22,12,10.64898/2026.03.20.713139,1,neuroscience,Dissociable contributions of cortical thickness and surface area to cognitive ageing: evidence from multiple longitudinal cohorts.,"Demetriou, I.; Correia, M.; Vidal-Pineiro, D.; Apsvalka, D.; Attaheri, A.; Emery, T.; Henson, R. N."
2026-03-21,12,10.64898/2026.03.20.712003,1,genomics,The population structure and genetic health of European wolves,"Todd, E. T.; Fontsere, C.; Sun, X.; Scharff-Olsen, C. H.; Hernandez-Alonso, G.; Lanigan, L. T.; Gomes Martins, N. F.; Ciucani, M. M.; Ramos-Madrigal, J.; Hennelly, L.; Mak, S. S. T.; Andersone-Lilley, Z.; Asberg, A.; Balciauskas, L.; Baltrunaite, L.; Baryshnikov, G. F.; Boldbaatar, B.; Boldgiv, B.; Bolfikova, B. C.; Borowik, T.; Bujnakova, D.; Ciucci, P.; Coban, A. K.; Coban, E.; Erlandsson, M.; Flagstad, O.; Frantz, L.; Geffen, E.; Harmoinen, J.; Jelk, L.; Kalthoff, D. C.; Karamanlidis, A. A.; Kemahlı-Aytekin, M. C.; Kojola, I.; Kopatz, A.; Kosintsev, P.; Kusak, J.; Kuznetsova, A.; Kvist, L.;"
2026-03-22,12,10.64898/2026.03.20.713138,1,animal behavior and cognition,Animal collocation revisited: intercohort comparison and a case study comparing call combinations between sexes in common marmosets,"Howard-Spink, E.; Mircheva, M.; Burkart, J. M.; Townsend, S. W."
2026-03-22,12,10.64898/2026.03.20.713118,1,evolutionary biology,Ineffectual Genomic Error Correction Under Environmental Perturbation Dynamically Regulates Mutational Supply and Robustness,"Barik, S.; Sahu, P.; Ghosh, K.; Subramanian, H."
2026-03-22,12,10.64898/2026.03.19.712852,1,genomics,DNA Traces on the Shroud of Turin: Metagenomics of the 1978 Official Sample Collection,"Barcaccia, G.; Rambaldi Migliore, N.; Gabelli, G.; Agostini, V.; Palumbo, F.; Moroni, E.; Nicolini, V.; Gao, L.; Mattutino, G.; Porter, A.; Palmowski, P.; Procopio, N.; Perego, U. A.; Iorizzo, M.; Sharbel, T. F.; Baima Bollone, P.; Torroni, A.; Squartini, A.; Achilli, A."
2026-03-22,12,10.64898/2026.03.19.712912,1,bioinformatics,Helicase: Vectorized parsing and bitpacking of genomic sequences,"Martayan, I.; Lobet, L.; Marchet, C.; Paperman, C."
2026-03-22,12,10.64898/2026.03.20.712853,1,ecology,A comparative analysis of fruit feeding among Mediterranean passerine birds,"Jordano, P.; Isla, J.; Quintero, E."
2026-03-22,12,10.64898/2026.03.19.712447,1,evolutionary biology,Diatom Endosymbionts have Shrinking but Stable Genomes Despite Low Coding Density,"Abresch, H.; Cruse, F.; Miller, S.; Li, J.; Hamsher, S.; Kociolek, J. P.; Miller, S. R."
2026-03-22,12,10.64898/2026.03.21.713332,1,evolutionary biology,Additive Channels in Curved Fitness Landscapes,"Ortiz-Barrientos, D.; Cooper, M."
2026-03-22,12,10.64898/2026.03.21.713376,1,evolutionary biology,Adaptive receptor expression and the emergence of disease as loss of signaling homeostasis,"Kareva, I."
2026-03-22,12,10.64898/2026.03.20.712958,1,genetics,Evolutionary and functional genomics reveal that Ralstonia wilt pathogens actively deploy antimicrobial warfare while leveraging physiological adaptations during plant infection,"Aoun, N.; Georgoulis, S. J.; Deutschbauer, A.; Lowe-Power, T."
2026-03-22,12,10.64898/2026.03.19.712984,1,genomics,TEsingle enables locus-specific transposable element expression analysis at single-cell resolution,"Forcier, T.; Cheng, E.; Tam, O. H.; Wunderlich, C.; Castilla-Vallmanya, L.; Jones, J. L.; Quaegebeur, A.; Barker, R. A.; Jakobsson, J.; Gale Hammell, M."
2026-03-22,12,10.64898/2026.03.20.713111,1,genomics,"LongcallD: joint calling and phasing of small, structural and mosaic variants from long reads","Gao, Y.; Liao, W.-W.; Qin, Q.; Hall, I. M.; Li, H."
2026-03-22,12,10.64898/2026.03.20.713302,1,genomics,Stress-responsive enhancer RNAs couple chromatin reprogramming to post-transcriptional control of senescence,"Kuklinkova, R.; Benova, N.; Kohli, J.; Boyne, J. R.; Roberts, W.; Anene, C. A."
2026-03-22,12,10.64898/2026.03.19.712992,1,genomics,Microfluidic low-input profiling reveals lncRNA roles in disease,"Catalano, J. A.; Hsieh, Y.-P.; Liu, Z.; Li, G.; Meana, J. J.; Gonzalez-Maeso, J.; Chen, Z. B.; Lu, C."
2026-03-22,12,10.64898/2026.03.19.713078,1,bioinformatics,aaKomp: Alignment-free amino acid k-mer matching for genome completeness assessment at scale,"Wong, J.; Coombe, L.; Warren, R. L.; Birol, I."
2026-03-22,12,10.64898/2026.03.20.713144,1,bioinformatics,ATHILAfinder: a tool to detect ATHILA LTR retrotransposons in plant genomes,"Bousios, A.; Primetis, E."
2026-03-22,12,10.64898/2026.03.19.713058,1,immunology,Hyperactive STAT1 Promotes T Follicular Helper Type 1 Cell Differentiation to Trigger Autoimmunity,"Chen, R.; Chen, X.; Yang, J.; Mu, H.; Mao, S.; Chen, S.; Gan, R.; Wei, Q.; Tang, W.; Wu, J.; He, W.; Okada, S.; Zhou, L.; An, Y.; Zhao, X.; Jia, Y."
2026-03-22,12,10.64898/2026.03.20.713277,1,cell biology,The BRCA1-A complex restricts replication fork reversal-dependent DNA repair in ATM deficient cells,"Greenberg, R.; Datta, A.; Jackson, J.; Morozov, Y.; Qiu, J.; Vindigni, A."
2026-03-22,12,10.64898/2026.03.19.713039,1,biochemistry,N-terminal Chirality and Sequence Variations Modulate the Conformational Landscape of Amyloid-beta 42,"Zhu, Q.; Yu, H."
2026-03-22,12,10.64898/2026.03.19.712923,1,cancer biology,A 3D Tumor-on-a-chip Platform to Identify Drugs that Block Breast Cancer Cell Intravasation,"Perera, N.; Coutinho, D.; Morais, C.; Faria, M.; Neto, R.; Roman, W.; Gomes, E. R.; Franco, C. A.; Costa, L.; Barata, D.; Serre, K.; Dias, S.; Magalhaes, A."
2026-03-22,12,10.64898/2026.03.19.712985,1,immunology,The metabolic reprogramming of T cells controls airway remodeling in severe asthma,"Steele, H.; Kato, E.; Dell, G.; Fink, M.; Ghastine, A.; Willicut, A.; Cheroutre, H.; Kronenberg, M.; Herro, R."
2026-03-22,12,10.64898/2026.03.19.712831,1,immunology,Modes of programmed macrophage cell death govern outcome of cutaneous wound healing,"Injarabian, L.; Reiche, N.; Willenborg, S.; Welcker, D.; Bai, Y.; Schoenenberg, E.; Sanin, D. E.; Tanevski, J.; Pasparakis, M.; Kashkar, H.; Eming, S. A."
2026-03-22,12,10.64898/2026.03.19.710321,1,immunology,"Defining influenza-specific B cells in vaccine responders, non-responders and influenza breakthrough infections","Kedzierska, K.; Kedzierski, L.; Holloway, A.; Habel, J.; Rowntree, L.; Li, S.; McQuilten, H.; James, F.; Murdiyarso, L.; Tarasova, I.; Leung, N.; Chen, Y.; Ip, D.; Kent, S. J.; Peiris, J. S. M.; Tong, S.; Cheng, A. C.; Kotsimbos, T.; Trubiano, J.; Schroeder, J.; Wheatley, A. K.; Cowling, B. J.; Valkenburg, S.; Nguyen, T. H. O."
2026-03-22,12,10.64898/2026.03.19.712911,1,developmental biology,Lineage tracing reveals atoh7 positive and negative retinal ganglion cell populations in the zebrafish retina,"Bennett, D. M.; Newland, R. I.; Veldman, M. B.; Miesfeld, J. B."
2026-03-22,12,10.64898/2026.03.19.712965,1,biochemistry,Cell-specific isotope labeling identifies myo-inositol transfer between neurons and oligodendroglia to support myelin repair,"Adkins-Travis, K.; Song, M.-G.; Schwaiger-Haber, M.; Cho, K.; Fowle-Grider, R.; Johnson, S. L.; Shriver, L. P.; Patti, G."
2026-03-22,12,10.64898/2026.03.19.712884,1,pharmacology and toxicology,BODIPY-Tagged β-Lactams as Selective Quenched Activity-Based Probes to Target Human Neutrophil Elastase,"Felix, R.; Carvalho, L. A. R.; Guedes, R.; Madureira, A. M.; Mallo-Abreu, A.; Goncalves, L.; Genilloud, O.; Fernandez-Godino, R.; Ramos, M. C.; Moreira, R."
2026-03-22,12,10.64898/2026.03.19.712639,1,pharmacology and toxicology,Molecular Determinants Governing the Antitubercular Activity of Griselimycin,"Spira, A.; Dash, R.; Lepori, I.; Luo, Y. C.; Newkirk, S.; Bhandari, S.; Siegrist, M. S.; Pires, M."
2026-03-22,12,10.64898/2026.03.19.712907,1,neuroscience,Neurogenin-2 Reprograms Human Microglial Lineage Cells into Neurons In Vitro and in Chimeric Brains,"Jin, M.; Ma, Z.; Dang, R.; Zhang, H.; Xue, H.; Finkbeiner, S.; Liu, Y.; Jiang, P."
2026-03-22,12,10.64898/2026.03.20.712252,1,immunology,Donor-derived CD8+CD122+ Tregs generated in mixed donor chimeric NOD mice delete autoreactive T cells,"Pathak, S.; Bader, C. S.; Iliopoulou, B. P.; Regmi, S.; Chen, P.-I.; Gupta, B.; Wu, X.; Mosher, B.; Wells, A.; Witherspoon, L.; jenkins, K.; Harper, W.; SooHoo, E.; Twoy, A.; Ahmed, R.; Dutt, S.; Nagy, N.; Jensen, K. P.; Fathman, G.; Thakor, A. S.; Davis, M. M.; Meyer, E. H."
2026-03-22,12,10.64898/2026.03.20.713194,1,immunology,ImmTACs overcome cytotoxic T cell suppression,"Huynh, L.; Aljohani, A.; Alsubaiti, A.; Grant, T.; Chapman, A.; Philips, G.; Chamberlain, J.; Hayward-Wills, A.; Jungwirth, U.; Salio, M.; Holland, C. J.; Wuelfing, C."
2026-03-22,12,10.64898/2026.03.21.713205,1,molecular biology,Distinct DAXX effector modules separate H3.3 nucleosome assembly from ERV silencing,"Jain, A. Y.; Hoelper, D.; Rashoff, A. Q.; Lewis, P. W."
2026-03-22,12,10.64898/2026.03.22.713480,1,neuroscience,When and Where: A Model Hippocampal Network Unifies Formation of Time Cells and Place Cells,"Yu, Q. S.; Wang, Z.; Balasubramanian, V."
2026-03-22,12,10.64898/2026.03.22.713468,1,neuroscience,NPAS4 refines spatial and temporal firing in CA1 pyramidal neurons,"Payne, A.; Heinz, D. A.; Santiago, C.; Hagopian, L. L.; Ganasi, R. S.; Quirk, C.; Hartzell, A. L.; Leutgeb, J. K.; Leutgeb, S.; Bloodgood, B. L."
2026-03-22,12,10.64898/2026.03.22.713248,1,neuroscience,Fronto-temporal structural alterations in congenital aphantasia,"Takamura, Y.; Delsanti, R.; Cohen, L.; Bartolomeo, P.; liu, J."
